{
  "GET /api/expenses" : {
    "transaction" : "GET /api/expenses",
    "sampleCount" : 342,
    "errorCount" : 342,
    "errorPct" : 100.0,
    "meanResTime" : 26033.286549707587,
    "medianResTime" : 26909.0,
    "minResTime" : 6444.0,
    "maxResTime" : 47090.0,
    "pct1ResTime" : 37972.799999999996,
    "pct2ResTime" : 40083.44999999999,
    "pct3ResTime" : 45102.31,
    "throughput" : 1.1132595066502606,
    "receivedKBytesPerSec" : 24.415346756329626,
    "sentKBytesPerSec" : 0.20330032006210816
  },
  "GET /api/expenses/summary" : {
    "transaction" : "GET /api/expenses/summary",
    "sampleCount" : 290,
    "errorCount" : 270,
    "errorPct" : 93.10345,
    "meanResTime" : 16024.2896551724,
    "medianResTime" : 15952.5,
    "minResTime" : 54.0,
    "maxResTime" : 30335.0,
    "pct1ResTime" : 27659.500000000004,
    "pct2ResTime" : 29743.4,
    "pct3ResTime" : 30107.889999999996,
    "throughput" : 0.9875366069604306,
    "receivedKBytesPerSec" : 0.22762293128107333,
    "sentKBytesPerSec" : 0.18805628745828507
  },
  "Total" : {
    "transaction" : "Total",
    "sampleCount" : 890,
    "errorCount" : 828,
    "errorPct" : 93.03371,
    "meanResTime" : 21052.51460674157,
    "medianResTime" : 22384.5,
    "minResTime" : 19.0,
    "maxResTime" : 47090.0,
    "pct1ResTime" : 30827.1,
    "pct2ResTime" : 36236.74999999999,
    "pct3ResTime" : 42709.95000000001,
    "throughput" : 2.897078833095708,
    "receivedKBytesPerSec" : 24.962207896533595,
    "sentKBytesPerSec" : 0.6836630489801631
  },
  "POST /api/expenses" : {
    "transaction" : "POST /api/expenses",
    "sampleCount" : 258,
    "errorCount" : 216,
    "errorPct" : 83.72093,
    "meanResTime" : 20101.97674418604,
    "medianResTime" : 23545.0,
    "minResTime" : 19.0,
    "maxResTime" : 30528.0,
    "pct1ResTime" : 30082.5,
    "pct2ResTime" : 30283.05,
    "pct3ResTime" : 30513.1,
    "throughput" : 0.908879541755617,
    "receivedKBytesPerSec" : 0.3563486766203068,
    "sentKBytesPerSec" : 0.32531441991996224
  }
}